candidate_id,rank,score,reasoning
CAND_0018499,1,0.995000,"Senior Machine Learning Engineer with 7.2 years at Zomato; career evidence includes production ranking system, hybrid BM25+dense retrieval, semantic/vector search, and retrieval infrastructure. Redrob signals show open to work, 0.61 recruiter response rate, 15-day notice, and willing to relocate; location directly matches the Pune/Noida preference."
CAND_0077337,2,0.990470,"Staff Machine Learning Engineer at Paytm brings 7 years; career evidence includes production ranking system, hybrid BM25+dense retrieval, semantic/vector search, and recommendation systems. Redrob signals show open to work, 0.95 recruiter response rate, 60-day notice, and willing to relocate; relocation flag helps Pune/Noida logistics."
CAND_0081846,3,0.976163,"6.7-year Lead AI Engineer profile from Razorpay; career evidence includes production ranking system, hybrid BM25+dense retrieval, semantic/vector search, and retrieval infrastructure. Redrob signals show open to work, 0.73 recruiter response rate, 30-day notice, and willing to relocate; relocation flag helps Pune/Noida logistics."
CAND_0046525,4,0.822760,"Senior Machine Learning Engineer based in Pune, Maharashtra with 6.1 years; career evidence includes production ranking system, hybrid BM25+dense retrieval, semantic/vector search, and retrieval infrastructure. Redrob signals show open to work, 0.88 recruiter response rate, 60-day notice, and willing to relocate; location directly matches the Pune/Noida preference."
CAND_0008425,5,0.821561,"Senior NLP Engineer with 7.8 years at Ola; career evidence includes production ranking system, hybrid BM25+dense retrieval, semantic/vector search, and retrieval infrastructure. Redrob signals show open to work, 0.66 recruiter response rate, 90-day notice, and last active 2026-04-25; concern: location is Kolkata, West Bengal, not a target JD city."
CAND_0071974,6,0.819348,"Senior AI Engineer at Netflix brings 7.8 years; career evidence includes production ranking system, hybrid BM25+dense retrieval, recommendation systems, and retrieval infrastructure. Redrob signals show open to work, 0.76 recruiter response rate, 45-day notice, and last active 2026-04-16; concern: location is Vizag, Andhra Pradesh, not a target JD city."
CAND_0086022,7,0.798242,"5.3-year Senior Applied Scientist profile from Sarvam AI; career evidence includes production ranking system, hybrid BM25+dense retrieval, semantic/vector search, and retrieval infrastructure. Redrob signals show open to work, 0.55 recruiter response rate, 0-day notice, and willing to relocate; relocation flag helps Pune/Noida logistics."
CAND_0002025,8,0.793105,"Senior AI Engineer based in Trivandrum, Kerala with 5.9 years; career evidence includes production ranking system, hybrid BM25+dense retrieval, semantic/vector search, and recommendation systems. Redrob signals show open to work, 0.80 recruiter response rate, 30-day notice, and last active 2026-05-26; concern: location is Trivandrum, Kerala, not a target JD city."
CAND_0088025,9,0.786001,"Staff Machine Learning Engineer with 8.6 years at Yellow.ai; career evidence includes production ranking system, hybrid BM25+dense retrieval, semantic/vector search, and retrieval infrastructure. Redrob signals show open to work, 0.83 recruiter response rate, 90-day notice, and last active 2026-05-14; concern: location is Jaipur, Rajasthan, not a target JD city."
CAND_0046064,10,0.760514,"Senior NLP Engineer at Salesforce brings 8.9 years; career evidence includes production ranking system, hybrid BM25+dense retrieval, semantic/vector search, and retrieval infrastructure. Redrob signals show open to work, 0.78 recruiter response rate, 30-day notice, and last active 2026-04-26; concern: location is Coimbatore, Tamil Nadu, not a target JD city."
CAND_0055905,11,0.730711,"8.1-year Senior Machine Learning Engineer profile from Flipkart; career evidence includes production ranking system, hybrid BM25+dense retrieval, semantic/vector search, and retrieval infrastructure. Redrob signals show open to work, 0.87 recruiter response rate, 30-day notice, and last active 2026-05-17; concern: location is London, outside India."
CAND_0011687,12,0.714698,"Senior NLP Engineer based in Indore, Madhya Pradesh with 7.8 years; career evidence includes production ranking system, hybrid BM25+dense retrieval, retrieval infrastructure, and ranking evaluation. Redrob signals show open to work, 0.89 recruiter response rate, 15-day notice, and last active 2026-05-10; concern: location is Indore, Madhya Pradesh, not a target JD city."
CAND_0041669,13,0.711956,"Recommendation Systems Engineer with 8 years at CRED; career evidence includes production ranking system, recommendation systems, retrieval infrastructure, and LLM reranking or RAG. Redrob signals show open to work, 0.77 recruiter response rate, 60-day notice, and last active 2026-04-06; location directly matches the Pune/Noida preference."
CAND_0079387,14,0.707765,"AI Engineer at Microsoft brings 6.9 years; career evidence includes semantic/vector search, recommendation systems, retrieval infrastructure, and LLM reranking or RAG. Redrob signals show open to work, 0.81 recruiter response rate, 30-day notice, and last active 2026-04-25; concern: location is Trivandrum, Kerala, not a target JD city."
CAND_0027691,15,0.689812,"6.5-year NLP Engineer profile from Haptik; career evidence includes production ranking system, semantic/vector search, recommendation systems, and retrieval infrastructure. Redrob signals show open to work, 0.68 recruiter response rate, 15-day notice, and last active 2026-03-31; location directly matches the Pune/Noida preference."
CAND_0041610,16,0.687945,"Recommendation Systems Engineer based in Indore, Madhya Pradesh with 6.7 years; career evidence includes production ranking system, recommendation systems, retrieval infrastructure, and LLM reranking or RAG. Redrob signals show open to work, 0.52 recruiter response rate, 30-day notice, and willing to relocate; relocation flag helps Pune/Noida logistics."
CAND_0007009,17,0.674873,"Recommendation Systems Engineer with 7.9 years at Wysa; career evidence includes semantic/vector search, recommendation systems, retrieval infrastructure, and LLM reranking or RAG. Redrob signals show open to work, 0.62 recruiter response rate, 30-day notice, and last active 2026-03-19; location directly matches the Pune/Noida preference."
CAND_0062247,18,0.654956,"AI Engineer at Google brings 7.3 years; career evidence includes production ranking system, semantic/vector search, recommendation systems, and retrieval infrastructure. Redrob signals show open to work, 0.78 recruiter response rate, 30-day notice, and willing to relocate; relocation flag helps Pune/Noida logistics."
CAND_0052328,19,0.640376,"6.5-year Recommendation Systems Engineer profile from Amazon; career evidence includes recommendation systems, retrieval infrastructure, LLM reranking or RAG, and production deployment. Redrob signals show open to work, 0.79 recruiter response rate, 30-day notice, and last active 2026-03-31; location directly matches the Pune/Noida preference."
CAND_0064326,20,0.635675,"Search Engineer based in Gurgaon, Haryana with 7.6 years; career evidence includes production ranking system, recommendation systems, retrieval infrastructure, and LLM reranking or RAG. Redrob signals show open to work, 0.94 recruiter response rate, 45-day notice, and last active 2026-05-21; Gurgaon, Haryana is in the JD's acceptable India location set."
CAND_0050454,21,0.635582,"AI Engineer with 6.8 years at Rephrase.ai; career evidence includes production ranking system, semantic/vector search, recommendation systems, and retrieval infrastructure. Redrob signals show open to work, 0.77 recruiter response rate, 30-day notice, and willing to relocate; Delhi, Delhi is in the JD's acceptable India location set."
CAND_0068811,22,0.632839,"Applied ML Engineer at Freshworks brings 8 years; career evidence includes production ranking system, recommendation systems, retrieval infrastructure, and LLM reranking or RAG. Redrob signals show open to work, 0.42 recruiter response rate, 30-day notice, and willing to relocate; location directly matches the Pune/Noida preference."
CAND_0039383,23,0.630587,"7.1-year Applied ML Engineer profile from Meesho; career evidence includes semantic/vector search, recommendation systems, retrieval infrastructure, and online A/B testing. Redrob signals show open to work, 0.61 recruiter response rate, 90-day notice, and willing to relocate; Gurgaon, Haryana is in the JD's acceptable India location set."
CAND_0017960,24,0.623945,"Recommendation Systems Engineer based in Bangalore, Karnataka with 7.7 years; career evidence includes semantic/vector search, recommendation systems, retrieval infrastructure, and LLM reranking or RAG. Redrob signals show open to work, 0.72 recruiter response rate, 60-day notice, and willing to relocate; Bangalore, Karnataka is in the JD's acceptable India location set."
CAND_0075574,25,0.617554,"Machine Learning Engineer with 5.7 years at Haptik; career evidence includes production ranking system, recommendation systems, retrieval infrastructure, and LLM reranking or RAG. Redrob signals show open to work, 0.58 recruiter response rate, 60-day notice, and willing to relocate; Bangalore, Karnataka is in the JD's acceptable India location set."
CAND_0094759,26,0.610245,"Lead AI Engineer at Meta brings 8.6 years; career evidence includes production ranking system, hybrid BM25+dense retrieval, semantic/vector search, and retrieval infrastructure. Redrob signals show 0.11 recruiter response rate, 30-day notice, willing to relocate, and last active 2026-01-08; concern: recruiter response rate is only 0.11."
CAND_0069905,27,0.610213,"6.6-year Applied ML Engineer profile from Sarvam AI; career evidence includes semantic/vector search, recommendation systems, retrieval infrastructure, and LLM reranking or RAG. Redrob signals show open to work, 0.78 recruiter response rate, 90-day notice, and willing to relocate; relocation flag helps Pune/Noida logistics."
CAND_0011162,28,0.603361,"Recommendation Systems Engineer based in Coimbatore, Tamil Nadu with 5.8 years; career evidence includes production ranking system, recommendation systems, online A/B testing, and production deployment. Redrob signals show open to work, 0.75 recruiter response rate, 90-day notice, and willing to relocate; relocation flag helps Pune/Noida logistics."
CAND_0028793,29,0.595954,"Search Engineer with 7.2 years at Google; career evidence includes semantic/vector search, recommendation systems, retrieval infrastructure, and LLM reranking or RAG. Redrob signals show open to work, 0.57 recruiter response rate, 120-day notice, and willing to relocate; concern: notice period is 120 days."
CAND_0033861,30,0.594593,"Senior NLP Engineer at Mad Street Den brings 8 years; career evidence includes production ranking system, hybrid BM25+dense retrieval, semantic/vector search, and recommendation systems. Redrob signals show 0.16 recruiter response rate, 30-day notice, and last active 2026-02-16; concern: recruiter response rate is only 0.16."
CAND_0083307,31,0.594009,"7.8-year Search Engineer profile from CRED; career evidence includes production ranking system, semantic/vector search, recommendation systems, and retrieval infrastructure. Redrob signals show open to work, 0.70 recruiter response rate, 120-day notice, and last active 2026-03-21; concern: notice period is 120 days."
CAND_0066999,32,0.588480,"Recommendation Systems Engineer based in Delhi, Delhi with 5.9 years; career evidence includes production ranking system, recommendation systems, LLM reranking or RAG, and production deployment. Redrob signals show open to work, 0.63 recruiter response rate, 15-day notice, and willing to relocate; Delhi, Delhi is in the JD's acceptable India location set."
CAND_0098846,33,0.586955,"AI Engineer with 7.6 years at upGrad; career evidence includes production ranking system, recommendation systems, retrieval infrastructure, and LLM reranking or RAG. Redrob signals show open to work, 0.62 recruiter response rate, 45-day notice, and willing to relocate; relocation flag helps Pune/Noida logistics."
CAND_0051292,34,0.584476,"Applied ML Engineer at Freshworks brings 5.2 years; career evidence includes production ranking system, semantic/vector search, recommendation systems, and retrieval infrastructure. Redrob signals show open to work, 0.52 recruiter response rate, 30-day notice, and last active 2026-04-12; concern: location is Trivandrum, Kerala, not a target JD city."
CAND_0005649,35,0.582534,"7.4-year Senior Data Scientist profile from Sarvam AI; career evidence includes semantic/vector search, recommendation systems, retrieval infrastructure, and LLM reranking or RAG. Redrob signals show open to work, 0.57 recruiter response rate, 90-day notice, and willing to relocate; Delhi, Delhi is in the JD's acceptable India location set."
CAND_0077285,36,0.582186,"Recommendation Systems Engineer based in Ahmedabad, Gujarat with 5.5 years; career evidence includes recommendation systems, retrieval infrastructure, LLM reranking or RAG, and online A/B testing. Redrob signals show open to work, 0.56 recruiter response rate, 60-day notice, and last active 2026-05-03; concern: location is Ahmedabad, Gujarat, not a target JD city."
CAND_0070398,37,0.579266,"Machine Learning Engineer with 7.2 years at Genpact AI; career evidence includes semantic/vector search, recommendation systems, retrieval infrastructure, and online A/B testing. Redrob signals show open to work, 0.60 recruiter response rate, 120-day notice, and willing to relocate; concern: notice period is 120 days."
CAND_0052682,38,0.578225,"NLP Engineer at Aganitha brings 6.6 years; career evidence includes recommendation systems, retrieval infrastructure, LLM reranking or RAG, and online A/B testing. Redrob signals show open to work, 0.88 recruiter response rate, 30-day notice, and last active 2026-03-28; concern: location is Vizag, Andhra Pradesh, not a target JD city."
CAND_0005260,39,0.568317,"5.2-year Senior NLP Engineer profile from Netflix; career evidence includes production ranking system, hybrid BM25+dense retrieval, semantic/vector search, and retrieval infrastructure. Redrob signals show 0.86 recruiter response rate, 60-day notice, willing to relocate, and last active 2026-05-10; relocation flag helps Pune/Noida logistics."
CAND_0086151,40,0.561933,"Recommendation Systems Engineer based in Vizag, Andhra Pradesh with 7.7 years; career evidence includes production ranking system, semantic/vector search, recommendation systems, and retrieval infrastructure. Redrob signals show open to work, 0.52 recruiter response rate, 120-day notice, and willing to relocate; concern: notice period is 120 days."
CAND_0093912,41,0.560088,"Senior Data Scientist with 5.3 years at Razorpay; career evidence includes production ranking system, semantic/vector search, recommendation systems, and retrieval infrastructure. Redrob signals show open to work, 0.66 recruiter response rate, 30-day notice, and last active 2026-05-11; concern: location is Chandigarh, Chandigarh, not a target JD city."
CAND_0031593,42,0.557981,"Search Engineer at Genpact AI brings 7.8 years; career evidence includes production ranking system, recommendation systems, retrieval infrastructure, and LLM reranking or RAG. Redrob signals show open to work, 0.58 recruiter response rate, 90-day notice, and willing to relocate; relocation flag helps Pune/Noida logistics."
CAND_0074735,43,0.554379,"5.5-year Applied ML Engineer profile from Rephrase.ai; career evidence includes recommendation systems, retrieval infrastructure, LLM reranking or RAG, and production deployment. Redrob signals show open to work, 0.77 recruiter response rate, 90-day notice, and last active 2026-03-28; concern: location is Chandigarh, Chandigarh, not a target JD city."
CAND_0036184,44,0.553239,"Recommendation Systems Engineer based in Trivandrum, Kerala with 6 years; career evidence includes semantic/vector search, recommendation systems, retrieval infrastructure, and production deployment. Redrob signals show open to work, 0.90 recruiter response rate, 30-day notice, and last active 2026-05-26; concern: location is Trivandrum, Kerala, not a target JD city."
CAND_0061265,45,0.543234,"Recommendation Systems Engineer with 6.6 years at Zoho; career evidence includes production ranking system, semantic/vector search, recommendation systems, and retrieval infrastructure. Redrob signals show open to work, 0.94 recruiter response rate, 120-day notice, and last active 2026-03-25; concern: notice period is 120 days."
CAND_0007412,46,0.541104,"Applied ML Engineer at Zoho brings 7.4 years; career evidence includes production ranking system, recommendation systems, retrieval infrastructure, and LLM reranking or RAG. Redrob signals show open to work, 0.76 recruiter response rate, 120-day notice, and last active 2026-04-19; concern: notice period is 120 days."
CAND_0078492,47,0.539042,"5.1-year Recommendation Systems Engineer profile from Verloop.io; career evidence includes production ranking system, semantic/vector search, recommendation systems, and retrieval infrastructure. Redrob signals show open to work, 0.70 recruiter response rate, 30-day notice, and willing to relocate; relocation flag helps Pune/Noida logistics."
CAND_0014440,48,0.528820,"Recommendation Systems Engineer based in Chennai, Tamil Nadu with 6.4 years; career evidence includes production ranking system, recommendation systems, online A/B testing, and production deployment. Redrob signals show open to work, 0.64 recruiter response rate, 60-day notice, and last active 2026-05-10; concern: location is Chennai, Tamil Nadu, not a target JD city."
CAND_0037566,49,0.528697,"Machine Learning Engineer with 6.9 years at LinkedIn; career evidence includes recommendation systems, retrieval infrastructure, LLM reranking or RAG, and production deployment. Redrob signals show open to work, 0.50 recruiter response rate, 15-day notice, and willing to relocate; Bangalore, Karnataka is in the JD's acceptable India location set."
CAND_0083879,50,0.527432,"Machine Learning Engineer at Ola brings 7.1 years; career evidence includes semantic/vector search, recommendation systems, retrieval infrastructure, and online A/B testing. Redrob signals show open to work, 0.47 recruiter response rate, 30-day notice, and last active 2026-04-17; location directly matches the Pune/Noida preference."
CAND_0029367,51,0.523065,"5.7-year Senior Data Scientist profile from Rephrase.ai; career evidence includes semantic/vector search, recommendation systems, retrieval infrastructure, and LLM reranking or RAG. Redrob signals show open to work, 0.77 recruiter response rate, 90-day notice, and last active 2026-05-20; Bangalore, Karnataka is in the JD's acceptable India location set."
CAND_0000031,52,0.522991,"Recommendation Systems Engineer based in Hyderabad, Telangana with 6 years; career evidence includes production ranking system, recommendation systems, online A/B testing, and production deployment. Redrob signals show open to work, 0.91 recruiter response rate, 60-day notice, and willing to relocate; Hyderabad, Telangana is in the JD's acceptable India location set."
CAND_0066376,53,0.520584,"Applied ML Engineer with 5.7 years at Dream11; career evidence includes semantic/vector search, recommendation systems, retrieval infrastructure, and online A/B testing. Redrob signals show open to work, 0.51 recruiter response rate, 90-day notice, and last active 2026-05-03; Mumbai, Maharashtra is in the JD's acceptable India location set."
CAND_0044855,54,0.518054,"Senior Data Scientist at Flipkart brings 6.6 years; career evidence includes semantic/vector search, recommendation systems, retrieval infrastructure, and LLM reranking or RAG. Redrob signals show 0.57 recruiter response rate, 60-day notice, willing to relocate, and last active 2026-04-24; relocation flag helps Pune/Noida logistics."
CAND_0042506,55,0.516680,"4.2-year Search Engineer profile from Verloop.io; career evidence includes semantic/vector search, recommendation systems, retrieval infrastructure, and LLM reranking or RAG. Redrob signals show open to work, 0.48 recruiter response rate, 15-day notice, and last active 2026-05-22; concern: 4.2 years is outside the JD's 5-9 year band."
CAND_0053695,56,0.515899,"Recommendation Systems Engineer based in Bhubaneswar, Odisha with 5.8 years; career evidence includes production ranking system, semantic/vector search, recommendation systems, and retrieval infrastructure. Redrob signals show open to work, 0.60 recruiter response rate, 15-day notice, and last active 2026-04-02; concern: location is Bhubaneswar, Odisha, not a target JD city."
CAND_0060072,57,0.514308,"Staff Machine Learning Engineer with 5.7 years at Amazon; career evidence includes production ranking system, hybrid BM25+dense retrieval, semantic/vector search, and recommendation systems. Redrob signals show 0.10 recruiter response rate, 90-day notice, willing to relocate, and last active 2026-01-24; concern: recruiter response rate is only 0.10."
CAND_0044222,58,0.507486,"AI Engineer at PolicyBazaar brings 7.7 years; career evidence includes semantic/vector search, recommendation systems, retrieval infrastructure, and online A/B testing. Redrob signals show open to work, 0.60 recruiter response rate, 60-day notice, and last active 2026-05-15; concern: location is Vizag, Andhra Pradesh, not a target JD city."
CAND_0076163,59,0.505118,"6.9-year NLP Engineer profile from Ola; career evidence includes production ranking system, recommendation systems, LLM reranking or RAG, and production deployment. Redrob signals show open to work, 0.84 recruiter response rate, 60-day notice, and last active 2026-05-10; concern: location is Chandigarh, Chandigarh, not a target JD city."
CAND_0075249,60,0.504782,"Applied ML Engineer based in Ahmedabad, Gujarat with 6.2 years; career evidence includes semantic/vector search, recommendation systems, retrieval infrastructure, and online A/B testing. Redrob signals show open to work, 0.82 recruiter response rate, 45-day notice, and last active 2026-04-09; concern: location is Ahmedabad, Gujarat, not a target JD city."
CAND_0018549,61,0.503343,"Recommendation Systems Engineer with 6.8 years at Uber; career evidence includes production ranking system, recommendation systems, online A/B testing, and production deployment. Redrob signals show open to work, 0.73 recruiter response rate, 60-day notice, and willing to relocate; relocation flag helps Pune/Noida logistics."
CAND_0058575,62,0.501008,"AI Engineer at Krutrim brings 5.8 years; career evidence includes semantic/vector search, recommendation systems, retrieval infrastructure, and LLM reranking or RAG. Redrob signals show open to work, 0.69 recruiter response rate, 90-day notice, and willing to relocate; relocation flag helps Pune/Noida logistics."
CAND_0050876,63,0.498140,"6-year Applied ML Engineer profile from Freshworks; career evidence includes production ranking system, recommendation systems, online A/B testing, and production deployment. Redrob signals show open to work, 0.67 recruiter response rate, 90-day notice, and last active 2026-05-26; concern: location is Kolkata, West Bengal, not a target JD city."
CAND_0081053,64,0.497896,"NLP Engineer based in Chandigarh, Chandigarh with 5.4 years; career evidence includes semantic/vector search, recommendation systems, retrieval infrastructure, and online A/B testing. Redrob signals show open to work, 0.83 recruiter response rate, 90-day notice, and willing to relocate; relocation flag helps Pune/Noida logistics."
CAND_0043228,65,0.489367,"Applied ML Engineer with 6.8 years at Zoho; career evidence includes production ranking system, semantic/vector search, recommendation systems, and retrieval infrastructure. Redrob signals show 0.41 recruiter response rate, 30-day notice, and last active 2026-05-22; concern: location is Chennai, Tamil Nadu, not a target JD city."
CAND_0049538,66,0.486427,"Applied ML Engineer at Saarthi.ai brings 5.8 years; career evidence includes production ranking system, recommendation systems, and production deployment. Redrob signals show 0.72 recruiter response rate, 30-day notice, and last active 2026-05-27; concern: location is Jaipur, Rajasthan, not a target JD city."
CAND_0040117,67,0.485873,"6.5-year Recommendation Systems Engineer profile from PhonePe; career evidence includes recommendation systems, retrieval infrastructure, LLM reranking or RAG, and online A/B testing. Redrob signals show open to work, 0.66 recruiter response rate, 15-day notice, and last active 2026-03-17; concern: location is Vizag, Andhra Pradesh, not a target JD city."
CAND_0027801,68,0.485482,"NLP Engineer based in Hyderabad, Telangana with 7.4 years; career evidence includes semantic/vector search, recommendation systems, retrieval infrastructure, and LLM reranking or RAG. Redrob signals show open to work, 0.65 recruiter response rate, 120-day notice, and last active 2026-04-12; concern: notice period is 120 days."
CAND_0006567,69,0.484862,"Senior AI Engineer with 7.9 years at Meta; career evidence includes online A/B testing. Redrob signals show open to work, 0.79 recruiter response rate, 60-day notice, and willing to relocate; location directly matches the Pune/Noida preference."
CAND_0010149,70,0.484377,"ML Engineer at Glance brings 6.9 years; career evidence includes production ranking system, recommendation systems, production deployment, and fine-tuning. Redrob signals show open to work, 0.82 recruiter response rate, 90-day notice, and willing to relocate; Bangalore, Karnataka is in the JD's acceptable India location set."
CAND_0006418,71,0.483795,"5.7-year Machine Learning Engineer profile from Verloop.io; career evidence includes recommendation systems, LLM reranking or RAG, online A/B testing, and production deployment. Redrob signals show open to work, 0.92 recruiter response rate, 60-day notice, and willing to relocate; Gurgaon, Haryana is in the JD's acceptable India location set."
CAND_0037944,72,0.483606,"Senior Data Scientist based in Jaipur, Rajasthan with 4.9 years; career evidence includes recommendation systems, retrieval infrastructure, LLM reranking or RAG, and online A/B testing. Redrob signals show open to work, 0.42 recruiter response rate, 30-day notice, and last active 2026-03-22; concern: 4.9 years is outside the JD's 5-9 year band."
CAND_0076251,73,0.483430,"Search Engineer with 7.6 years at Haptik; career evidence includes semantic/vector search, recommendation systems, retrieval infrastructure, and production deployment. Redrob signals show open to work, 0.51 recruiter response rate, 60-day notice, and willing to relocate; relocation flag helps Pune/Noida logistics."
CAND_0006557,74,0.479604,"NLP Engineer at Paytm brings 7.9 years; career evidence includes production ranking system, recommendation systems, LLM reranking or RAG, and online A/B testing. Redrob signals show open to work, 0.63 recruiter response rate, 120-day notice, and willing to relocate; concern: notice period is 120 days."
CAND_0049896,75,0.476652,"7.3-year Search Engineer profile from Unacademy; career evidence includes recommendation systems, retrieval infrastructure, LLM reranking or RAG, and online A/B testing. Redrob signals show open to work, 0.43 recruiter response rate, 90-day notice, and willing to relocate; relocation flag helps Pune/Noida logistics."
CAND_0042029,76,0.476411,"Senior Data Scientist based in Delhi, Delhi with 6.5 years; career evidence includes semantic/vector search, recommendation systems, retrieval infrastructure, and LLM reranking or RAG. Redrob signals show 0.67 recruiter response rate, 45-day notice, willing to relocate, and last active 2026-04-13; Delhi, Delhi is in the JD's acceptable India location set."
CAND_0080766,77,0.469267,"Staff Machine Learning Engineer with 8.8 years at Salesforce; career evidence includes hybrid BM25+dense retrieval, semantic/vector search, embedding operations, and ranking evaluation. Redrob signals show 0.66 recruiter response rate, 0-day notice, willing to relocate, and last active 2026-04-09; relocation flag helps Pune/Noida logistics."
CAND_0048558,78,0.468768,"Data Scientist at Rephrase.ai brings 6.7 years; career evidence includes production ranking system, recommendation systems, and production deployment. Redrob signals show open to work, 0.80 recruiter response rate, 30-day notice, and willing to relocate; location directly matches the Pune/Noida preference."
CAND_0087630,79,0.466160,"7.2-year AI Engineer profile from Vedantu; career evidence includes recommendation systems, LLM reranking or RAG, online A/B testing, and production deployment. Redrob signals show 0.45 recruiter response rate, 30-day notice, willing to relocate, and last active 2026-03-16; Gurgaon, Haryana is in the JD's acceptable India location set."
CAND_0026532,80,0.465697,"Recommendation Systems Engineer based in Chennai, Tamil Nadu with 4.8 years; career evidence includes semantic/vector search, recommendation systems, retrieval infrastructure, and LLM reranking or RAG. Redrob signals show open to work, 0.52 recruiter response rate, 90-day notice, and willing to relocate; concern: 4.8 years is outside the JD's 5-9 year band."
CAND_0018722,81,0.462121,"Recommendation Systems Engineer with 6.6 years at Saarthi.ai; career evidence includes production ranking system, semantic/vector search, recommendation systems, and retrieval infrastructure. Redrob signals show open to work, 0.79 recruiter response rate, 90-day notice, and willing to relocate; concern: location is Toronto, outside India."
CAND_0016163,82,0.456033,"Applied ML Engineer at Dream11 brings 6.7 years; career evidence includes semantic/vector search, recommendation systems, retrieval infrastructure, and production deployment. Redrob signals show open to work, 0.72 recruiter response rate, 120-day notice, and last active 2026-04-11; concern: notice period is 120 days."
CAND_0091909,83,0.453633,"6.9-year Machine Learning Engineer profile from Rephrase.ai; career evidence includes recommendation systems, online A/B testing, and production deployment. Redrob signals show open to work, 0.65 recruiter response rate, 45-day notice, and willing to relocate; Bangalore, Karnataka is in the JD's acceptable India location set."
CAND_0009691,84,0.452855,"Applied ML Engineer based in Indore, Madhya Pradesh with 6.2 years; career evidence includes semantic/vector search, recommendation systems, retrieval infrastructure, and online A/B testing. Redrob signals show open to work, 0.64 recruiter response rate, 120-day notice, and willing to relocate; concern: notice period is 120 days."
CAND_0015578,85,0.451380,"AI Engineer with 5.4 years at Zoho; career evidence includes recommendation systems, retrieval infrastructure, LLM reranking or RAG, and production deployment. Redrob signals show open to work, 0.65 recruiter response rate, 90-day notice, and willing to relocate; Delhi, Delhi is in the JD's acceptable India location set."
CAND_0010685,86,0.448962,"NLP Engineer at Rephrase.ai brings 6.7 years; career evidence includes production ranking system, semantic/vector search, recommendation systems, and retrieval infrastructure. Redrob signals show open to work, 0.83 recruiter response rate, 30-day notice, and last active 2026-03-16; concern: location is Kolkata, West Bengal, not a target JD city."
CAND_0065195,87,0.444758,"5.1-year Search Engineer profile from CRED; career evidence includes recommendation systems, retrieval infrastructure, LLM reranking or RAG, and production deployment. Redrob signals show open to work, 0.80 recruiter response rate, 45-day notice, and last active 2026-05-24; concern: location is Kolkata, West Bengal, not a target JD city."
CAND_0030468,88,0.439658,"Senior Applied Scientist based in Indore, Madhya Pradesh with 5.4 years; career evidence includes embedding operations, online A/B testing, and production deployment. Redrob signals show open to work, 0.78 recruiter response rate, 45-day notice, and willing to relocate; relocation flag helps Pune/Noida logistics."
CAND_0099806,89,0.438399,"AI Engineer with 4.6 years at Mad Street Den; career evidence includes recommendation systems, online A/B testing, and production deployment. Redrob signals show open to work, 0.76 recruiter response rate, 30-day notice, and willing to relocate; concern: 4.6 years is outside the JD's 5-9 year band."
CAND_0039838,90,0.437038,"Recommendation Systems Engineer at Amazon brings 4.9 years; career evidence includes semantic/vector search, recommendation systems, retrieval infrastructure, and online A/B testing. Redrob signals show open to work, 0.80 recruiter response rate, 90-day notice, and last active 2026-04-21; concern: 4.9 years is outside the JD's 5-9 year band."
CAND_0010257,91,0.435706,"6.5-year Senior Data Scientist profile from Google; career evidence includes recommendation systems, online A/B testing, and production deployment. Redrob signals show open to work, 0.72 recruiter response rate, 120-day notice, and willing to relocate; concern: notice period is 120 days."
CAND_0074225,92,0.432311,"Machine Learning Engineer based in Vizag, Andhra Pradesh with 4.3 years; career evidence includes recommendation systems, retrieval infrastructure, LLM reranking or RAG, and online A/B testing. Redrob signals show open to work, 0.91 recruiter response rate, 120-day notice, and willing to relocate; concern: 4.3 years is outside the JD's 5-9 year band."
CAND_0081852,93,0.430383,"Senior Data Scientist with 5.9 years at Mad Street Den; career evidence includes recommendation systems, retrieval infrastructure, LLM reranking or RAG, and production deployment. Redrob signals show open to work, 0.44 recruiter response rate, 45-day notice, and willing to relocate; Delhi, Delhi is in the JD's acceptable India location set."
CAND_0005538,94,0.429128,"Senior AI Engineer at Adobe brings 5.9 years; career evidence includes recommendation systems, embedding operations, online A/B testing, and production deployment. Redrob signals show open to work, 0.81 recruiter response rate, 90-day notice, and last active 2026-05-17; concern: location is Kolkata, West Bengal, not a target JD city."
CAND_0030031,95,0.427727,"5.7-year AI Engineer profile from Microsoft; career evidence includes recommendation systems, LLM reranking or RAG, online A/B testing, and production deployment. Redrob signals show 0.94 recruiter response rate, 30-day notice, and last active 2026-05-22; concern: location is Trivandrum, Kerala, not a target JD city."
CAND_0090155,96,0.425904,"ML Engineer based in Pune, Maharashtra with 5.8 years; career evidence includes production ranking system, recommendation systems, production deployment, and fine-tuning. Redrob signals show open to work, 0.64 recruiter response rate, 90-day notice, and last active 2026-05-13; location directly matches the Pune/Noida preference."
CAND_0072660,97,0.424642,"Machine Learning Engineer with 7.1 years at Unacademy; career evidence includes production ranking system, semantic/vector search, recommendation systems, and retrieval infrastructure. Redrob signals show open to work, 0.53 recruiter response rate, 30-day notice, and last active 2026-05-24; concern: location is Berlin, outside India."
CAND_0043860,98,0.424406,"Junior ML Engineer at Aganitha brings 6.1 years; career evidence includes production ranking system, recommendation systems, production deployment, and fine-tuning. Redrob signals show open to work, 0.81 recruiter response rate, 30-day notice, and willing to relocate; relocation flag helps Pune/Noida logistics."
CAND_0092255,99,0.422281,"5.2-year ML Engineer profile from InMobi; career evidence includes production ranking system, recommendation systems, production deployment, and fine-tuning. Redrob signals show open to work, 0.38 recruiter response rate, 60-day notice, and last active 2026-05-07; location directly matches the Pune/Noida preference."
CAND_0089552,100,0.420000,"Machine Learning Engineer based in Kolkata, West Bengal with 6 years; career evidence includes semantic/vector search, recommendation systems, retrieval infrastructure, and LLM reranking or RAG. Redrob signals show 0.49 recruiter response rate, 120-day notice, willing to relocate, and last active 2026-04-27; concern: notice period is 120 days."
